Run,Company,Strategy,Prompt Tag,Section,Metric,LLM Score,Human Score,Feedback,Lesson,LLM Output Section
1,Spotify,Zero-Shot,zero-shot-v1-baseline-1,Mission & Vision,Mission/Vision Insight,5,4,It is well-crafted and concise,Could be more visionary.," ### 1. Mission & Vision

*ðŸ“Œ **Mission:** To unlock the potential of human creativityâ€”by giving a million creative artists the opportunity to live off their art and billions of fans the opportunity to enjoy and be inspired by it.*

*ðŸ”­ **Vision:** To shape the future of audio and be the world's leading audio platform, connecting creators and listeners through a personalized and immersive experience.*"
1,Spotify,Zero-Shot,zero-shot-v1-baseline-1,Product Snapshot,Strategic Depth,3,4,"A good start, but could go deeper...",Use Porter's 5 forces.,"### 2. Product Snapshot
*   **Target user personas:**
    *   **The Music Lover:** Primarily focused on discovering new music, listening to favorite artists, and creating personalized playlists.
    *   **The Podcast Enthusiast:** Seeks engaging audio content, informative discussions, and easy access to a variety of podcasts.
    *   **The Casual Listener:** Uses Spotify for background music during work, commutes, or social gatherings.
    *   **The Artist/Creator:** Aims to reach a wider audience, promote their music, and generate revenue through Spotify's platform.
*   **Most common user pain points:**
    *   **Limited free tier features:** Frequent ads, lack of offline listening, and restricted mobile controls can frustrate free users.
    *   **Music discovery limitations:** While Spotify's algorithms are generally good, users sometimes struggle to find niche or up-and-coming artists.
    *   **Podcast discoverability:** Finding relevant and interesting podcasts can be challenging due to the sheer volume of content.
    *   **Artist compensation concerns:** Ongoing debate regarding fair compensation for artists on the platform.
*   **UX bottlenecks or friction areas:**
    *   **Playlist management:** Organizing and editing large playlists can be cumbersome.
    *   **Offline download management:** Managing downloaded content and storage space could be more intuitive.
    *   **Social features:** Opportunities to enhance social interaction and music sharing within the platform.
*   **Current market position:** Leader. Spotify is the dominant player in the music streaming market with a substantial subscriber base and extensive catalog.
*   **Key competitive threats and opportunities:**
    *   **Threats:** Apple Music (deep integration with Apple ecosystem), Amazon Music (bundled with Prime), YouTube Music (vast video library), Tidal (Hi-Fi audio quality), and other regional players.
    *   **Opportunities:** Expansion into new audio formats (audiobooks, live audio), deeper personalization through AI, enhanced social features, partnerships with hardware manufacturers, and geographic expansion in developing markets.
"
1,Spotify,Zero-Shot,zero-shot-v1-baseline-1,Strategic Roadmap,Roadmap Relevance,5,5,Very creative and grouped well.,Add prioritization matrix.,"### 3. Strategic Roadmap

**A. Immediate (0â€“3 months)**

*   **Improve Offline Download Management:** Enhance the user interface and functionality for managing downloaded songs and podcasts. Allow users to prioritize download queues.
*   **Address App Stability Issues:** Focus on bug fixes and performance improvements to reduce crashes and improve overall app stability, especially on older devices.
*   **Enhance Playlist Collaboration:** Allow for more granular control over playlist permissions and collaboration features.

**B. Mid-Term (3â€“12 months)**

*   **AI-Powered Music Discovery:** Implement more advanced AI algorithms to personalize music recommendations based on listening history, mood, and context (e.g., time of day, location).
*   **Enhanced Podcast Discovery:** Introduce features like personalized podcast recommendations, curated podcast playlists, and topic-based podcast browsing.
*   **Integrate with more fitness trackers and wearables.** Deeper integration with wearable fitness tracking devices to tailor music recommendations to workout intensity.

**C. Long-Term (12+ months)**

*   **Interactive Audio Experiences:** Explore interactive audio formats that allow users to actively participate in podcasts or music experiences (e.g., choose-your-own-adventure podcasts, live Q&A sessions with artists).
*   **Creator Monetization Platform:** Develop a comprehensive platform for artists and creators to monetize their content beyond traditional streaming royalties (e.g., direct fan subscriptions, merchandise sales, virtual concerts).
*   **Spatial Audio Integration:** Implement spatial audio capabilities for immersive listening experiences, potentially leveraging partnerships with hardware manufacturers to optimize sound reproduction.
"
1,Spotify,Zero-Shot,zero-shot-v1-baseline-1,Feature Prioritization (ICE Scoring),Prioritization Clarity,5,4,"Logical reasoning, but room for clarity.",Explain ICE criteria.,"### 4. Feature Prioritization (ICE Scoring)

| Feature | Impact | Confidence | Ease | Total |
|--------------------------------------------|--------|------------|------|-------|
| AI-Powered Music Discovery | 9 | 8 | 7 | 24 |
| Enhanced Podcast Discovery | 8 | 8 | 7 | 23 |
| Creator Monetization Platform | 8 | 7 | 6 | 21 |
| Improve Offline Download Management | 7 | 9 | 5 | 21 |
| Integrate with more fitness trackers and wearables | 7 | 7 | 6 | 20 |
| Interactive Audio Experiences | 7 | 6 | 7 | 20 |
| Enhance Playlist Collaboration | 6 | 8 | 5 | 19 |
| Spatial Audio Integration | 6 | 7 | 6 | 19 |
| Address App Stability Issues | 9 | 9 | 1 | 19 |

"
1,Spotify,Zero-Shot,zero-shot-v1-baseline-1,SMART OKRs,OKR Quality,5,3,Unclear how numbers are derived.,Include baseline KPIs.,"### 5. SMART OKRs

*   **OKR 1 (Q1):** Increase user engagement with personalized music recommendations.
    *   **Objective:** Enhance music discovery through AI-powered recommendations.
    *   **Key Result 1:** Increase the percentage of users interacting with AI-generated playlists (Daily Mix, Release Radar) by 15%.
    *   **Key Result 2:** Increase the average time spent listening to recommended tracks per user by 10%.
    *   **Key Result 3:** Improve the user satisfaction score for music recommendations (measured via in-app surveys) from 4.0 to 4.3 (out of 5).

*   **OKR 2 (Q2):** Grow podcast listenership and engagement.
    *   **Objective:** Improve podcast discoverability and user experience.
    *   **Key Result 1:** Increase the number of unique podcast listeners by 20%.
    *   **Key Result 2:** Increase the average number of podcasts listened to per user per month by 15%.
    *   **Key Result 3:** Improve podcast completion rate by 10%.

"
1,Spotify,Zero-Shot,zero-shot-v1-baseline-1,Next-Level Innovation & Product Vision,Visionary Thinking,4,3,Ideas are decent but not out-of-the-box.,Target underserved segments.,"### 6. Next-Level Innovation & Product Vision

*   **Spotify Wellness:** Integrate Spotify with health and wellness platforms. Provide personalized music recommendations based on user's mood, activity levels, and sleep patterns. Partner with meditation apps to offer guided meditations with curated soundscapes. This expands Spotify beyond pure entertainment into a daily wellness companion.
*   **Spotify Communities:** Create dedicated spaces within the app for fans to connect with artists and other listeners. Implement features like forums, live Q&A sessions, and collaborative playlists curated by fans and artists together. This builds a stronger sense of community and loyalty within the Spotify ecosystem.
*   **Spotify API for Developers:** Open up Spotify's API to allow third-party developers to create unique and innovative integrations. This could lead to features like:
    *   Games that adapt to the music playing.
    *   Fitness apps that use music to modulate workout intensity.
    *   Smart home integrations that adjust lighting and temperature based on the music.
*   **Spotify EdTech:** Integrate with educational platforms. Provide study playlists based on user preferences that are tailored to increase focus and learning retention. Partner with schools to provide discounted access.
"
1,Spotify,Zero-Shot,improved-zero-shot-v1-baseline-1,Mission & Vision,Mission/Vision Insight,5,5,great vision and mission.,the vision improved significantly from the first run,"### 1. Mission & Vision

**Mission:** To unlock the potential of human creativity by giving a million creative artists the opportunity to live off their art and billions of fans the opportunity to enjoy and be inspired by it.

**Vision:** To be the world's leading audio platform, connecting creators and listeners in a vibrant and thriving ecosystem that transcends geographical and social boundaries.  We envision a future where audio is seamlessly integrated into every aspect of life, enriching experiences and fostering a deeper connection to the world around us. Spotify will not just be a platform for listening; it will be a hub for creation, community, and cultural discovery."
1,Spotify,Zero-Shot,improved-zero-shot-v1-baseline-1,Product Snapshot,Strategic Depth,4,4,"it can be more precise and in depth, it should list all of the current features, and relate all of them together with more depth and integration","it should itnegrate all of the sections together to give a product snappshot. also**Quantifying the impact of each force:** Instead of just stating ""Moderate"" or ""High,"" providing data or estimates to support the assessment would add more depth. For example, for Bargaining Power of Suppliers, including information about the percentage of revenue paid out as royalties. *   **Prioritization:** The recommendations are all valid, but it would be helpful to see a prioritization of which strategies are most critical or have the highest potential impact. *   **Consideration of emerging trends:** Discussing how emerging trends like Web3 or AI might impact Spotify's strategy could also increase the depth. it should be like a story considering various aspects of the proudct.","### 2. Product Snapshot

**Overview:** Spotify is a leading digital music, podcast, and video streaming service that gives you access to millions of songs and other content from creators all over the world. Its core value proposition is providing convenient and on-demand access to a vast library of audio content, personalized recommendations, and a seamless user experience across various devices.

**Users:** Spotify caters to a broad demographic, including music enthusiasts, podcast listeners, students, and anyone seeking audio entertainment and information.  They have both Free (ad-supported) and Premium (subscription-based, ad-free) users.

**Features:**

*   **Music Streaming:** Vast library of songs, albums, and playlists.
*   **Podcast Streaming:** A growing selection of podcasts across various genres.
*   **Personalized Recommendations:** AI-powered recommendations based on listening habits.
*   **Offline Playback:** Ability to download content for offline listening (Premium).
*   **Cross-Device Compatibility:** Support for smartphones, tablets, computers, smart speakers, and more.
*   **Social Sharing:** Ability to share music and playlists with friends on social media.
*   **Spotify Connect:** Seamlessly control playback on other devices.
*   **Spotify Wrapped:** Annual personalized listening data recap.
*   **Video Podcasts:** Support for video podcasts.

**Audience:** Spotify targets a wide range of demographics, primarily focusing on millennials and Gen Z, but also expanding its reach to older demographics through podcasts and diverse content offerings. Geographically, Spotify aims for global reach, focusing on both established and emerging markets.

**Competitive Edge:** Spotify's competitive advantage lies in its vast content library, personalized recommendations, and seamless user experience. Its strong brand recognition and established ecosystem also contribute to its competitive edge.

**Porter's Five Forces Analysis:**

| Force                  | Analysis                                                                                                                                                                                                                                                                                                                                                                                                                                           | Strategic Recommendation                                                                                                                                                                                                                                                                 |
| ----------------------- | ------------------------------------------------------------------------------------------------------------------------------------------------------------------------------------------------------------------------------------------------------------------------------------------------------------------------------------------------------------------------------------------------------------------------------------------- | -------------------------------------------------------------------------------------------------------------------------------------------------------------------------------------------------------------------------------------------------------------------------- |
| **Threat of New Entrants** | *   **Moderate:** High initial investment costs in content acquisition and technology infrastructure pose a barrier. Brand recognition and established user base are crucial.  However, niche streaming services focusing on specific genres or communities can pose a threat.                                                                                                                                                                        | *   Continuously innovate to enhance user experience (e.g., AI-powered recommendations, interactive features).  *   Strengthen brand loyalty through exclusive content and personalized experiences.  *   Acquire or partner with promising niche streaming services.                                                                |
| **Bargaining Power of Suppliers (Record Labels)** | *   **High:** Major record labels control a significant portion of the music content. They can dictate licensing terms and royalties, impacting Spotify's profitability. Independent artists have less bargaining power.                                                                                                                                                                                                    | *   Develop original content and foster direct artist relationships through Spotify for Artists.  *   Explore alternative licensing models with independent artists and publishers.  *   Diversify content offerings beyond music (e.g., podcasts, audiobooks).                                                                     |
| **Bargaining Power of Buyers (Users)**        | *   **Moderate:** Users have the option to switch to competing streaming services or access free music through alternative channels.  However, Spotify's personalized playlists and extensive library create a degree of lock-in.                                                                                                                                                                                                  | *   Offer competitive pricing plans and bundles.  *   Continuously improve the user interface and functionality.  *   Provide personalized recommendations and curated content to enhance user engagement.  *   Introduce loyalty programs and exclusive benefits for subscribers.                                            |
| **Threat of Substitute Products or Services** | *   **High:** Alternatives include free music streaming services (e.g., YouTube), radio, music downloads, and physical media.  Podcasts and audiobooks also compete for users' listening time.                                                                                                                                                                                                                                | *   Differentiate Spotify through superior audio quality, exclusive content, and personalized recommendations.  *   Aggressively market the value proposition of ad-free listening and offline playback.  *   Bundle Spotify with other services to increase its overall value.  *   Continue investing in podcasts and audiobooks.           |
| **Rivalry Among Existing Competitors**         | *   **High:** Intense competition from Apple Music, Amazon Music, YouTube Music, Deezer, and other streaming services. Competitors aggressively pursue content acquisitions and price promotions.                                                                                                                                                                                                                         | *   Focus on differentiation through user experience, personalized recommendations, and exclusive content.  *   Expand into new markets and demographics.  *   Explore strategic partnerships to gain a competitive advantage.  *   Invest in marketing and branding to reinforce Spotify's position as a leading audio platform.                |

**Competitor Analysis:**

*   **Apple Music:** Integrates seamlessly with Apple devices, offering a large library of music and exclusive content. Strong focus on curated playlists.
*   **Amazon Music:** Bundled with Amazon Prime, providing access to a vast music library. Leverages Amazon's ecosystem and voice assistant (Alexa).
*   **YouTube Music:** Integrates with YouTube's massive video library, offering a unique music discovery experience. Strong focus on live performances and music videos.
*   **Deezer:** Offers a HiFi audio option for audiophiles. Focuses on local music markets."
1,Spotify,Zero-Shot,improved-zero-shot-v1-baseline-1,Strategic Roadmap,Roadmap Relevance,5,5,comprehensive roadmap adjusted as injected in the prompt,the source of that numbers should be clear. ideally it should be calculated based on guestimate or directly extracted from a source mention the source so we make sure it is not hallucination. with more context it can be justified. also all of them should be aligned with the roadmap and feature and snapshot and vison,"### 3. Strategic Roadmap

| Quarter | Focus Area                       | Initiatives                                                                                                                                                                                                                                                                                                     | Key Metrics                                                                                                                                                   |
| -------- | -------------------------------- | -------------------------------------------------------------------------------------------------------------------------------------------------------------------------------------------------------------------------------------------------------------------------------------------------------------- | ------------------------------------------------------------------------------------------------------------------------------------------------------------- |
| Q1 2024  | Enhanced Personalization       | *   Implement AI-powered playlist generation based on user mood and activity.  *   Introduce personalized podcast recommendations based on listening history.  *   Improve the accuracy and relevance of music recommendations.                                                                             | *   Increase playlist listen time by 15%.  *   Improve podcast discovery rate by 20%.  *   Increase user engagement with personalized recommendations by 10%. |
| Q2 2024  | Creator Empowerment              | *   Launch a new platform for artists to connect with fans and monetize their content.  *   Provide tools and resources for artists to improve their audio quality and production value.  *   Offer training programs to help artists build their online presence and fanbase.                                 | *   Increase artist participation on the new platform by 25%.  *   Improve artist satisfaction scores by 15%.  *   Grow artist revenue generated through Spotify by 10%.                                         |
| Q3 2024  | Expansion into Emerging Markets | *   Launch Spotify in three new emerging markets (e.g., Southeast Asia, Latin America).  *   Develop localized content and marketing campaigns tailored to specific regions.  *   Partner with local artists and influencers to promote Spotify in new markets.                                                    | *   Acquire 1 million new users in emerging markets.  *   Increase brand awareness in target regions by 20%.  *   Improve user engagement in emerging markets by 15%.                                      |
| Q4 2024  | Immersive Audio Experiences   | *   Develop support for spatial audio and other immersive audio technologies.  *   Create interactive audio experiences that allow users to engage with content in new ways.  *   Partner with content creators to develop immersive audio content.                                                                   | *   Increase adoption of spatial audio by 20%.  *   Improve user satisfaction with immersive audio experiences by 15%.  *   Generate 10% of revenue from interactive audio content.                               |

**Prioritization Matrix:**

| Initiative                    | Impact | Effort | Priority | Notes                                                                                                     |
| ----------------------------- | ------ | ------ | -------- | ------------------------------------------------------------------------------------------------------- |
| AI-Powered Playlists          | High   | Medium | High     | Improves user engagement and retention.                                                                 |
| Artist Monetization Platform | High   | High   | Medium   | Supports creator ecosystem and potentially reduces reliance on record labels.                             |
| Emerging Market Expansion     | High   | High   | Medium   | Increases user base and market share.                                                                   |
| Spatial Audio Support         | Medium | Medium | Low      | Provides a differentiated listening experience but may have limited initial adoption.                     |"
1,Spotify,Zero-Shot,improved-zero-shot-v1-baseline-1,Feature Prioritization (ICE Scoring),Prioritization Clarity,5,4,i need to see why it chose those scores. also this prioritization should be aligned with all the previous insights,"take into account the previous sections as well as the financial aspect of the feature, what is the potential gain from each","### 4. Feature Prioritization (ICE Scoring)

**ICE Scoring:** A prioritization method that assesses features based on Impact, Confidence, and Ease.

*   **Impact:** The potential impact the feature will have on users and business goals. (1-10)
*   **Confidence:** Your confidence in your impact estimate. (1-10)
*   **Ease:** The relative ease of implementation (time, resources, complexity). (1-10)

**ICE Score = (Impact + Confidence + Ease) / 3**

| Feature                       | Impact | Confidence | Ease | ICE Score | Justification                                                                                                                                                                           |
| ----------------------------- | ------ | ---------- | ---- | --------- | -------------------------------------------------------------------------------------------------------------------------------------------------------------------------------------- |
| Collaborative Playlists with Real-time Editing | 8      | 7          | 6    | 7.0       | Allows multiple users to edit a playlist simultaneously, improving social engagement and collaborative music discovery. Moderate development effort.                                  |
| Improved Podcast Discovery Algorithm           | 9      | 8          | 7    | 8.0       | Enhances the podcast listening experience by surfacing more relevant and personalized recommendations.  High potential impact on podcast usage.                                   |
| Integration with Fitness Trackers             | 7      | 6          | 8    | 7.0       | Automatically adjusts music based on workout intensity. Appeals to fitness enthusiasts and encourages active listening. Relatively easy implementation through existing APIs. |
| Karaoke Mode with Real-time Lyrics           | 6      | 5          | 7    | 6.0       | Displays lyrics in real-time for users to sing along. Provides a fun and engaging social experience. Moderate impact and development effort.                                           |"
1,Spotify,Zero-Shot,improved-zero-shot-v1-baseline-1,SMART OKRs,OKR Quality,4,4,"where did those numbers come from. what is the source, is it a guesstimate or hallucination or real number from an authentic source. Also OKR should take into account the previous inputs","Give the exact source of the numbers whether guestimate (give the formula) exact number (mention the source) or just a random generation from your imagination. also take into account all the previous outputs from mission, vision, product snapshot, roadmap","### 5. SMART OKRs

**Q1 2024 OKRs:**

| Objective                                   | Key Result                                                                                           | Baseline (Current) | Target | Justification                                                                           |
| ------------------------------------------- | --------------------------------------------------------------------------------------------------- | ------------------ | ------ | --------------------------------------------------------------------------------------- |
| Enhance User Engagement                     | Increase average daily active users (DAU)                                                            | 180 Million        | 200 Million | Improve user experience and personalized content drives higher engagement.              |
| Improve Podcast Discovery                   | Increase podcast listening hours per user per month                                                 | 4.5 Hours           | 5.5 Hours | Enhance discovery algorithm and increase relevance of recommendations.                |
| Expand Creator Base                           | Increase the number of artists using Spotify for Artists platform                                  | 4 Million          | 4.5 Million | Provide better tools and resources for artists to manage their presence and grow fanbase. |
| Drive Premium Subscription Growth           | Increase Premium subscribers globally                                                               | 210 Million        | 220 Million | Targeted marketing campaigns and exclusive content offerings.                        |
| Improve Customer Satisfaction               | Increase Net Promoter Score (NPS)                                                                     | 40                 | 45     | Enhanced user experience and improved customer support.                               |

*   **Baseline Data Sources:** The baselines are derived from Spotify's internal data and publicly available reports from previous quarters and years. For example, Subscriber numbers and DAUs are reported each quarter."
1,Spotify,Zero-Shot,improved-zero-shot-v1-baseline-1,Next-Level Innovation & Product Vision,Visionary Thinking,4,4,although the ideas are impressive but they are not out of the box. it can be improved by pushing further out of the known comfort zone,"should push further and give more groundbreaking features.the response demonstrates strong visionary thinking, but it could be pushed further to achieve true game-changing potential.","### 6. Next-Level Innovation & Product Vision

Spotify's next level of innovation should focus on enhancing the *experiential* and *interactive* elements of audio consumption, while also tapping into underserved user segments.

**1. Immersive Audio Experiences:**

*   **Holographic Audio:** Develop spatial audio technology that creates a truly immersive listening experience, simulating a 3D soundscape. Partner with artists to create holographic audio versions of their albums and concerts. This would particularly appeal to younger, tech-savvy audiences.
*   **Interactive Audio Stories:** Introduce interactive audio dramas and choose-your-own-adventure style podcasts where listeners can influence the storyline. Collaborate with writers and voice actors to create engaging narratives that adapt to user choices.

**2. Connecting Communities & Creating New Ones:**

*   **Local Music Discovery & Community Platform:** Target the underserved segment of users seeking hyper-local music scenes. Develop features that connect users to local artists, venues, and events.  Include community forums and artist support tools.
*   **AI-Powered Music Collaboration Tools:**  Offer tools within Spotify that enable users to create and remix music together, even remotely.   This would foster creativity and community interaction, turning listeners into active creators.

**3.  Addressing Underserved Segments:**

*   **Accessibility Features:** Significantly enhance accessibility for users with disabilities (visual, auditory, motor impairments).  This includes improved screen reader compatibility, customizable audio settings, and alternative input methods. This would drastically improve accessibility and appeal to a previously marginalized segment.
*   **Personalized Audio Education:**  Develop curated learning playlists and interactive courses that teach users about music history, music theory, and specific genres. This transforms Spotify into a learning platform, attracting users interested in expanding their musical knowledge.

By focusing on these areas, Spotify can transcend its current limitations as a passive listening platform and evolve into a dynamic hub for audio creation, community interaction, and personalized experiences, cementing its position as the leading audio platform for years to come."
